span,count
2,1
3,1
4,1
5,1
6,1
7,1
8,1
9,1
10,1
11,1
12,1
13,1
14,1
15,1
16,1
17,2
18,2
19,2
20,2
21,2
22,2
23,2
24,2
25,2
26,2
27,2
28,2
29,2
30,2
31,2
32,2
33,2
34,2
35,3
36,3
37,3
38,3
39,3
40,3
41,3
42,3
43,3
44,3
45,3
46,3
47,4
48,4
49,4
50,4
51,4
52,4
53,4
54,4
55,4
56,4
57,4
58,4
59,4
60,4
61,4
62,4
63,4
64,4
65,5
66,5
67,5
68,5
69,5
70,6
71,6
72,6
73,6
74,6
75,6
76,6
77,6
78,6
79,6
80,6
81,6
82,6
83,6
84,6
85,6
86,6
87,6
88,6
89,6
90,6
91,6
92,6
93,6
94,6
95,6
96,6
97,6
98,6
99,6
100,6
101,6
102,6
103,6
104,6
105,6
106,6
107,6
108,6
109,6
110,6
111,6
112,6
113,6
114,6
115,6
116,6
117,6
118,6
119,6
120,6
121,6
122,6
123,6
124,6
125,6
126,6
127,6
128,6
129,6
130,6
131,6
132,6
133,6
134,6
135,6
136,6
137,6
138,6
139,6
140,6
141,6
142,6
143,6
144,6
145,8
146,8
147,8
148,8
149,8
150,8
151,8
152,8
153,8
154,8
155,8
156,8
157,8
158,8
159,8
160,8
161,8
162,8
163,8
164,8
165,8
166,8
167,8
168,8
169,8
170,8
171,8
172,8
173,8
174,8
175,8
176,8
177,8
178,8
179,8
180,8
181,8
182,8
183,8
184,8
185,8
186,8
187,8
188,8
189,8
190,8
191,8
192,8
193,8
194,8
195,8
196,8
197,8
198,8
199,8
200,8
201,8
202,8
203,8
204,8
205,8
206,8
207,8
208,8
209,8
210,8
211,8
212,8
213,8
214,8
215,8
216,8
217,8
218,8
219,8
220,8
221,8
222,8
223,8
224,8
225,8
226,8
227,8
228,8
229,8
230,8
231,8
232,8
233,8
234,8
235,8
236,8
237,8
238,8
239,8
240,8
241,8
242,8
243,8
244,8
245,8
246,8
247,8
248,8
249,8
250,8
251,8
252,8
253,8
254,8
255,8
256,8
257,10
258,10
259,10
260,10
261,10
262,10
263,10
264,10
265,10
266,10
267,10
268,10
269,10
270,10
271,10
272,10
273,10
274,10
275,10
276,10
277,10
278,10
279,10
280,10
281,10
282,10
283,10
284,10
285,10
286,10
287,10
288,10
289,10
290,10
291,10
292,10
293,10
294,10
295,10
296,10
297,10
298,10
299,10
300,10
301,10
302,10
303,10
304,10
305,10
306,10
307,10
308,10
309,10
310,10
311,10
312,10
313,10
314,10
315,10
316,10
317,10
318,10
319,10
320,10
321,10
322,10
323,10
324,10
325,10
326,10
327,10
328,10
329,10
330,10
331,10
332,10
333,10
334,10
335,10
336,10
337,10
338,10
339,10
340,10
341,10
342,10
343,10
344,10
345,10
346,10
347,10
348,10
349,10
350,10
351,10
352,10
353,10
354,10
355,10
356,10
357,10
358,10
359,10
360,10
361,10
362,10
363,10
364,10
365,10
366,10
367,11
368,11
369,11
370,11
371,11
372,11
373,11
374,11
375,11
376,11
377,11
378,11
379,11
380,11
381,11
382,11
383,11
384,11
385,11
386,11
387,11
388,11
389,11
390,11
391,11
392,11
393,11
394,11
395,11
396,11
397,11
398,11
399,11
400,12
401,12
402,12
403,12
404,12
405,12
406,12
407,12
408,12
409,12
410,12
411,12
412,12
413,12
414,12
415,12
416,12
417,12
418,12
419,12
420,12
421,12
422,12
423,12
424,12
425,12
426,12
427,12
428,12
429,12
430,12
431,12
432,12
433,12
434,13
435,13
436,13
437,13
438,13
439,13
440,13
441,13
442,13
443,13
444,13
445,13
446,13
447,13
448,13
449,13
450,13
451,13
452,13
453,13
454,13
455,13
456,13
457,13
458,13
459,13
460,13
461,13
462,13
463,13
464,13
465,13
466,13
467,14
468,14
469,14
470,14
471,14
472,14
473,14
474,14
475,14
476,14
477,14
478,14
479,14
480,14
481,14
482,14
483,14
484,14
485,14
486,14
487,14
488,14
489,14
490,14
491,14
492,14
493,14
494,14
495,14
496,14
497,14
498,14
499,14
500,15
501,15
502,15
503,15
504,15
505,15
506,15
507,15
508,15
509,15
510,15
511,15
512,15
513,15
514,15
515,15
516,15
517,15
518,15
519,15
520,15
521,15
522,15
523,15
524,15
525,15
526,15
527,15
528,15
529,15
530,15
531,15
532,15
533,15
534,16
535,16
536,16
537,16
538,16
539,16
540,16
541,16
542,16
543,16
544,16
545,16
546,16
547,16
548,16
549,16
550,16
551,16
552,16
553,16
554,16
555,16
556,16
557,16
558,16
559,16
560,16
561,16
562,16
563,16
564,16
565,16
566,16
567,17
568,17
569,17
570,17
571,17
572,17
573,17
574,17
575,17
576,17
577,17
578,17
579,17
580,17
581,17
582,17
583,17
584,17
585,17
586,17
587,17
588,17
589,17
590,17
591,17
592,17
593,17
594,17
595,17
596,17
597,17
598,17
599,17
600,18
601,18
602,18
603,18
604,18
605,18
606,18
607,18
608,18
609,18
610,18
611,18
612,18
613,18
614,18
615,18
616,18
617,18
618,18
619,18
620,18
621,18
622,18
623,18
624,18
625,18
626,18
627,18
628,18
629,18
630,18
631,18
632,18
633,18
634,19
635,19
636,19
637,19
638,19
639,19
640,19
641,19
642,19
643,19
644,19
645,19
646,19
647,19
648,19
649,19
650,19
651,19
652,19
653,19
654,19
655,19
656,19
657,19
658,19
659,19
660,19
661,19
662,19
663,19
664,19
665,19
666,19
667,20
668,20
669,20
670,20
671,20
672,20
673,20
674,20
675,20
676,20
677,20
678,20
679,20
680,20
681,20
682,20
683,20
684,20
685,20
686,20
687,20
688,20
689,20
690,20
691,20
692,20
693,20
694,20
695,20
696,20
697,20
698,20
699,20
700,21
701,21
702,21
703,21
704,21
705,21
706,21
707,21
708,21
709,21
710,21
711,21
712,21
713,21
714,21
715,21
716,21
717,21
718,21
719,21
720,21
721,21
722,21
723,21
724,21
725,21
726,21
727,21
728,21
729,21
730,21
731,21
732,21
733,21
734,22
735,22
736,22
737,22
738,22
739,22
740,22
741,22
742,22
743,22
744,22
745,22
746,22
747,22
748,22
749,22
750,22
751,22
752,22
753,22
754,22
755,22
756,22
757,22
758,22
759,22
760,22
761,22
762,22
763,22
764,22
765,22
766,22
767,23
768,23
769,23
770,23
771,23
772,23
773,23
774,23
775,23
776,23
777,23
778,23
779,23
780,23
781,23
782,23
783,23
784,23
785,23
786,23
787,23
788,23
789,23
790,23
791,23
792,23
793,23
794,23
795,23
796,23
797,23
798,23
799,23
800,24
801,24
802,24
803,24
804,24
805,24
806,24
807,24
808,24
809,24
810,24
811,24
812,24
813,24
814,24
815,24
816,24
817,24
818,24
819,24
820,24
821,24
822,24
823,24
824,24
825,24
826,24
827,24
828,24
829,24
830,24
831,24
832,24
833,24
834,25
835,25
836,25
837,25
838,25
839,25
840,25
841,25
842,25
843,25
844,25
845,25
846,25
847,25
848,25
849,25
850,25
851,25
852,25
853,25
854,25
855,25
856,25
857,25
858,25
859,25
860,25
861,25
862,25
863,25
864,25
865,25
866,25
867,26
868,26
869,26
870,26
871,26
872,26
873,26
874,26
875,26
876,26
877,26
878,26
879,26
880,26
881,26
882,26
883,26
884,26
885,26
886,26
887,26
888,26
889,26
890,26
891,26
892,26
893,26
894,26
895,26
896,26
897,26
898,26
899,26
900,27
901,27
902,27
903,27
904,27
905,27
906,27
907,27
908,27
909,27
910,27
911,27
912,27
913,27
914,27
915,27
916,27
917,27
918,27
919,27
920,27
921,27
922,27
923,27
924,27
925,27
926,27
927,27
928,27
929,27
930,27
931,27
932,27
933,27
934,28
935,28
936,28
937,28
938,28
939,28
940,28
941,28
942,28
943,28
944,28
945,28
946,28
947,28
948,28
949,28
950,28
951,28
952,28
953,28
954,28
955,28
956,28
957,28
958,28
959,28
960,28
961,28
962,28
963,28
964,28
965,28
966,28
967,29
968,29
969,29
970,29
971,29
972,29
973,29
974,29
975,29
976,29
977,29
978,29
979,29
980,29
981,29
982,29
983,29
984,29
985,29
986,29
987,29
988,29
989,29
990,29
991,29
992,29
993,29
994,29
995,29
996,29
997,29
998,29
999,29
1000,30
1001,30
1002,30
1003,30
1004,30
1005,30
1006,30
1007,30
1008,30
1009,30
1010,30
1011,30
1012,30
1013,30
1014,30
1015,30
1016,30
1017,30
1018,30
1019,30
1020,30
1021,30
1022,30
1023,30
1024,30
1025,30
1026,30
1027,30
1028,30
1029,30
1030,30
1031,30
1032,30
1033,30
1034,31
1035,31
1036,31
1037,31
1038,31
1039,31
1040,31
1041,31
1042,31
1043,31
1044,31
1045,31
1046,31
1047,31
1048,31
1049,31
1050,31
1051,31
1052,31
1053,31
1054,31
1055,31
1056,31
1057,31
1058,31
1059,31
1060,31
1061,31
1062,31
1063,31
1064,31
1065,31
1066,31
1067,32
1068,32
1069,32
1070,32
1071,32
1072,32
1073,32
1074,32
1075,32
1076,32
1077,32
1078,32
1079,32
1080,32
1081,32
1082,32
1083,32
1084,32
1085,32
1086,32
1087,32
1088,32
1089,32
1090,32
1091,32
1092,32
1093,32
1094,32
1095,32
1096,32
1097,32
1098,32
1099,32
1100,33
1101,33
1102,33
1103,33
1104,33
1105,33
1106,33
1107,33
1108,33
1109,33
1110,33
1111,33
1112,33
1113,33
1114,33
1115,33
1116,33
1117,33
1118,33
1119,33
1120,33
1121,33
1122,33
1123,33
1124,33
1125,33
1126,33
1127,33
1128,33
1129,33
1130,33
1131,33
1132,33
1133,33
1134,34
1135,34
1136,34
1137,34
1138,34
1139,34
1140,34
1141,34
1142,34
1143,34
1144,34
1145,34
1146,34
1147,34
1148,34
1149,34
1150,34
1151,34
1152,34
1153,34
1154,34
1155,34
1156,34
1157,34
1158,34
1159,34
1160,34
1161,34
1162,34
1163,34
1164,34
1165,34
1166,34
1167,35
1168,35
1169,35
1170,35
1171,35
1172,35
1173,35
1174,35
1175,35
1176,35
1177,35
1178,35
1179,35
1180,35
1181,35
1182,35
1183,35
1184,35
1185,35
1186,35
1187,35
1188,35
1189,35
1190,35
1191,35
1192,35
1193,35
1194,35
1195,35
1196,35
1197,35
1198,35
1199,35
1200,36
1201,36
1202,36
1203,36
1204,36
1205,36
1206,36
1207,36
1208,36
1209,36
1210,36
1211,36
1212,36
1213,36
1214,36
1215,36
1216,36
1217,36
1218,36
1219,36
1220,36
1221,36
1222,36
1223,36
1224,36
1225,36
1226,36
1227,36
1228,36
1229,36
1230,36
1231,36
1232,36
1233,36
1234,37
1235,37
1236,37
1237,37
1238,37
1239,37
1240,37
1241,37
1242,37
1243,37
1244,37
1245,37
1246,37
1247,37
1248,37
1249,37
1250,37
1251,37
1252,37
1253,37
1254,37
1255,37
1256,37
1257,37
1258,37
1259,37
1260,37
1261,37
1262,37
1263,37
1264,37
1265,37
1266,37
1267,38
1268,38
1269,38
1270,38
1271,38
1272,38
1273,38
1274,38
1275,38
1276,38
1277,38
1278,38
1279,38
1280,38
1281,38
1282,38
1283,38
1284,38
1285,38
1286,38
1287,38
1288,38
1289,38
1290,38
1291,38
1292,38
1293,38
1294,38
1295,38
1296,38
1297,38
1298,38
1299,38
1300,39
1301,39
1302,39
1303,39
1304,39
1305,39
1306,39
1307,39
1308,39
1309,39
1310,39
1311,39
1312,39
1313,39
1314,39
1315,39
1316,39
1317,39
1318,39
1319,39
1320,39
1321,39
1322,39
1323,39
1324,39
1325,39
1326,39
1327,39
1328,39
1329,39
1330,39
1331,39
1332,39
1333,39
1334,40
1335,40
1336,40
1337,40
1338,40
1339,40
1340,40
1341,40
1342,40
1343,40
1344,40
1345,40
1346,40
1347,40
1348,40
1349,40
1350,40
1351,40
1352,40
1353,40
1354,40
1355,40
1356,40
1357,40
1358,40
1359,40
1360,40
1361,40
1362,40
1363,40
1364,40
1365,40
1366,40
1367,41
1368,41
1369,41
1370,41
1371,41
1372,41
1373,41
1374,41
1375,41
1376,41
1377,41
1378,41
1379,41
1380,41
1381,41
1382,41
1383,41
1384,41
1385,41
1386,41
1387,41
1388,41
1389,41
1390,41
1391,41
1392,41
1393,41
1394,41
1395,41
1396,41
1397,41
1398,41
1399,41
1400,42
1401,42
1402,42
1403,42
1404,42
1405,42
1406,42
1407,42
1408,42
1409,42
1410,42
1411,42
1412,42
1413,42
1414,42
1415,42
1416,42
1417,42
1418,42
1419,42
1420,42
1421,42
1422,42
1423,42
1424,42
1425,42
1426,42
1427,42
1428,42
1429,42
1430,42
1431,42
1432,42
1433,42
1434,43
1435,43
1436,43
1437,43
1438,43
1439,43
1440,43
1441,43
1442,43
1443,43
1444,43
1445,43
1446,43
1447,43
1448,43
1449,43
1450,43
1451,43
1452,43
1453,43
1454,43
1455,43
1456,43
1457,43
1458,43
1459,43
1460,43
1461,43
1462,43
1463,43
1464,43
1465,43
1466,43
1467,44
1468,44
1469,44
1470,44
1471,44
1472,44
1473,44
1474,44
1475,44
1476,44
1477,44
1478,44
1479,44
1480,44
1481,44
1482,44
1483,44
1484,44
1485,44
1486,44
1487,44
1488,44
1489,44
1490,44
1491,44
1492,44
1493,44
1494,44
1495,44
1496,44
1497,44
1498,44
1499,44
1500,45
1501,45
1502,45
1503,45
1504,45
1505,45
1506,45
1507,45
1508,45
1509,45
1510,45
1511,45
1512,45
1513,45
1514,45
1515,45
1516,45
1517,45
1518,45
1519,45
1520,45
1521,45
1522,45
1523,45
1524,45
1525,45
1526,45
1527,45
1528,45
1529,45
1530,45
1531,45
1532,45
1533,45
1534,46
1535,46
1536,46
1537,46
1538,46
1539,46
1540,46
1541,46
1542,46
1543,46
1544,46
1545,46
1546,46
1547,46
1548,46
1549,46
1550,46
1551,46
1552,46
1553,46
1554,46
1555,46
1556,46
1557,46
1558,46
1559,46
1560,46
1561,46
1562,46
1563,46
1564,46
1565,46
1566,46
1567,47
1568,47
1569,47
1570,47
1571,47
1572,47
1573,47
1574,47
1575,47
1576,47
1577,47
1578,47
1579,47
1580,47
1581,47
1582,47
1583,47
1584,47
1585,47
1586,47
1587,47
1588,47
1589,47
1590,47
1591,47
1592,47
1593,47
1594,47
1595,47
1596,47
1597,47
1598,47
1599,47
1600,48
1601,48
1602,48
1603,48
1604,48
1605,48
1606,48
1607,48
1608,48
1609,48
1610,48
1611,48
1612,48
1613,48
1614,48
1615,48
1616,48
1617,48
1618,48
1619,48
1620,48
1621,48
1622,48
1623,48
1624,48
1625,48
1626,48
1627,48
1628,48
1629,48
1630,48
1631,48
1632,48
1633,48
1634,49
1635,49
1636,49
1637,49
1638,49
1639,49
1640,49
1641,49
1642,49
1643,49
1644,49
1645,49
1646,49
1647,49
1648,49
1649,49
1650,49
1651,49
1652,49
1653,49
1654,49
1655,49
1656,49
1657,49
1658,49
1659,49
1660,49
1661,49
1662,49
1663,49
1664,49
1665,49
1666,49
1667,50
1668,50
1669,50
1670,50
1671,50
1672,50
1673,50
1674,50
1675,50
1676,50
1677,50
1678,50
1679,50
1680,50
1681,50
1682,50
1683,50
1684,50
1685,50
1686,50
1687,50
1688,50
1689,50
1690,50
1691,50
1692,50
1693,50
1694,50
1695,50
1696,50
1697,50
1698,50
1699,50
1700,51
1701,51
1702,51
1703,51
1704,51
1705,51
1706,51
1707,51
1708,51
1709,51
1710,51
1711,51
1712,51
1713,51
1714,51
1715,51
1716,51
1717,51
1718,51
1719,51
1720,51
1721,51
1722,51
1723,51
1724,51
1725,51
1726,51
1727,51
1728,51
1729,51
1730,51
1731,51
1732,51
1733,51
1734,52
1735,52
1736,52
1737,52
1738,52
1739,52
1740,52
1741,52
1742,52
1743,52
1744,52
1745,52
1746,52
1747,52
1748,52
1749,52
1750,52
1751,52
1752,52
1753,52
1754,52
1755,52
1756,52
1757,52
1758,52
1759,52
1760,52
1761,52
1762,52
1763,52
1764,52
1765,52
1766,52
1767,53
1768,53
1769,53
1770,53
1771,53
1772,53
1773,53
1774,53
1775,53
1776,53
1777,53
1778,53
1779,53
1780,53
1781,53
1782,53
1783,53
1784,53
1785,53
1786,53
1787,53
1788,53
1789,53
1790,53
1791,53
1792,53
1793,53
1794,53
1795,53
1796,53
1797,53
1798,53
1799,53
1800,54
1801,54
1802,54
1803,54
1804,54
1805,54
1806,54
1807,54
1808,54
1809,54
1810,54
1811,54
1812,54
1813,54
1814,54
1815,54
1816,54
1817,54
1818,54
1819,54
1820,54
1821,54
1822,54
1823,54
1824,54
1825,54
1826,54
1827,54
1828,54
1829,54
1830,54
1831,54
1832,54
1833,54
1834,55
1835,55
1836,55
1837,55
1838,55
1839,55
1840,55
1841,55
1842,55
1843,55
1844,55
1845,55
1846,55
1847,55
1848,55
1849,55
1850,55
1851,55
1852,55
1853,55
1854,55
1855,55
1856,55
1857,55
1858,55
1859,55
1860,55
1861,55
1862,55
1863,55
1864,55
1865,55
1866,55
1867,56
1868,56
1869,56
1870,56
1871,56
1872,56
1873,56
1874,56
1875,56
1876,56
1877,56
1878,56
1879,56
1880,56
1881,56
1882,56
1883,56
1884,56
1885,56
1886,56
1887,56
1888,56
1889,56
1890,56
1891,56
1892,56
1893,56
1894,56
1895,56
1896,56
1897,56
1898,56
1899,56
1900,57
1901,57
1902,57
1903,57
1904,57
1905,57
1906,57
1907,57
1908,57
1909,57
1910,57
1911,57
1912,57
1913,57
1914,57
1915,57
1916,57
1917,57
1918,57
1919,57
1920,57
1921,57
1922,57
1923,57
1924,57
1925,57
1926,57
1927,57
1928,57
1929,57
1930,57
1931,57
1932,57
1933,57
1934,58
1935,58
1936,58
1937,58
1938,58
1939,58
1940,58
1941,58
1942,58
1943,58
1944,58
1945,58
1946,58
1947,58
1948,58
1949,58
1950,58
1951,58
1952,58
1953,58
1954,58
1955,58
1956,58
1957,58
1958,58
1959,58
1960,58
1961,58
1962,58
1963,58
1964,58
1965,58
1966,58
1967,59
1968,59
1969,59
1970,59
1971,59
1972,59
1973,59
1974,59
1975,59
1976,59
1977,59
1978,59
1979,59
1980,59
1981,59
1982,59
1983,59
1984,59
1985,59
1986,59
1987,59
1988,59
1989,59
1990,59
1991,59
1992,59
1993,59
1994,59
1995,59
1996,59
1997,59
1998,59
1999,59
2000,60
2001,60
2002,60
2003,60
2004,60
2005,60
2006,60
2007,60
2008,60
2009,60
2010,60
2011,60
2012,60
2013,60
2014,60
2015,60
2016,60
2017,60
2018,60
2019,60
2020,60
2021,60
2022,60
2023,60
2024,60
2025,60
2026,60
2027,60
2028,60
2029,60
2030,60
2031,60
2032,60
2033,60
2034,61
2035,61
2036,61
2037,61
2038,61
2039,61
2040,61
2041,61
2042,61
2043,61
2044,61
2045,61
2046,61
2047,61
2048,61
2049,61
2050,61
2051,61
2052,61
2053,61
2054,61
2055,61
2056,61
2057,61
2058,61
2059,61
2060,61
2061,61
2062,61
2063,61
2064,61
2065,61
2066,61
2067,62
2068,62
2069,62
2070,62
2071,62
2072,62
2073,62
2074,62
2075,62
2076,62
2077,62
2078,62
2079,62
2080,62
2081,62
2082,62
2083,62
2084,62
2085,62
2086,62
2087,62
2088,62
2089,62
2090,62
2091,62
2092,62
2093,62
2094,62
2095,62
2096,62
2097,62
2098,62
2099,62
2100,63
